ID,x
1,0.83684161
2,0.375878358
3,0.838058985
4,0.631495521
5,0.331739123
6,0.153465958
7,0.373168906
8,0.49678828
9,0.351754988
10,0.241733081
11,0.628756565
12,0.73587734
13,0.480233733
14,0.533183902
15,0.596478329
16,0.231299933
17,0.837528868
18,0.658040744
19,0.351871006
20,0.477668971
21,0.61884554
22,0.840702896
23,0.199251015
24,0.505685257
25,0.785693634
26,0.165188574
27,0.60794558
28,0.412592222
29,0.202603101
30,0.682435273