ID,x
1,0.68473944
2,6.042283748
3,2.454219351
4,0.471272337
5,3.34990939
6,2.412676726
7,6.811328344
8,1.404091447
9,0.625525753
10,4.659914135
11,2.159755013
12,2.787916139
13,2.311361305
14,1.719344203
15,3.906697017
16,1.985453599
17,3.786025265
18,2.31042017
19,3.528104625
20,0.861786786
21,5.499148554
22,5.653992025
23,2.69211205
24,1.573211884
25,4.003930615
26,4.670307844
27,12.35197326
28,1.307734662
29,1.180769195
30,2.482905906