ID,x
1,1.017258947
2,0.847625731
3,0.881240213
4,0.9726417
5,0.950170558
6,1.135663318
7,0.897112733
8,0.878159528
9,0.862656706
10,1.151845829
11,1.071423913
12,0.865663527
13,1.054942213
14,1.152234519
15,1.008922319
16,1.036112838
17,0.80135694
18,0.853209728
19,1.026934733
20,1.048898337
21,0.968931911
22,1.191350526
23,1.242170454
24,0.910787958
25,1.117577809
26,0.847674179
27,1.293109398
28,1.083656529
29,1.11955012
30,0.924154225