ID,x
1,7.112934047
2,2.712760646
3,3.635553491
4,6.616121785
5,4.160740666
6,2.457596875
7,5.732973485
8,2.742391664
9,5.789024145
10,4.745311919
11,7.470842158
12,5.467672611
13,3.102215435
14,6.478567525
15,6.222969916
16,5.096935985
17,2.579850858
18,5.446682238
19,5.792399947
20,2.303558505
21,6.481294404
22,7.778718411
23,2.489319774
24,2.299448334
25,6.611119504
26,4.201535659
27,5.680342445
28,6.858786433
29,3.638236178
30,4.133493894