ID,x
1,-0.587044652
2,0.883467797
3,0.46598591
4,-1.753645346
5,-0.508358191
6,1.369302492
7,-0.925525764
8,0.271233675
9,-1.470060138
10,-0.115868898
11,1.183050607
12,0.232111622
13,-0.046370939
14,-1.978402049
15,0.926843929
16,0.497306096
17,1.004090604
18,1.005978483
19,-0.843634008
20,-0.147338053
21,0.68649975
22,1.086074426
23,-1.72803401
24,-1.24391709
25,-1.233983287
26,2.075321703
27,0.562641735
28,1.631925217
29,1.135521127
30,-0.630332188