,radius_mean,texture_mean,perimeter_mean,area_mean,smoothness_mean,compactness_mean,concavity_mean,concave.points_mean,symmetry_mean,fractal_dimension_mean
877486,19.18,22.49,127.5,1148,0.08523,0.1428,0.1114,0.06772,0.1767,0.05529
9013838,11.08,18.83,73.3,361.6,0.1216,0.2154,0.1689,0.06367,0.2196,0.0795
89511501,12.2,15.21,78.01,457.9,0.08673,0.06545,0.01994,0.01692,0.1638,0.06129
87127,10.8,9.71,68.77,357.6,0.09594,0.05736,0.02531,0.01698,0.1381,0.064
858970,10.17,14.88,64.55,311.9,0.1134,0.08061,0.01084,0.0129,0.2743,0.0696
8910506,12.87,16.21,82.38,512.2,0.09425,0.06219,0.039,0.01615,0.201,0.05769
926954,16.6,28.08,108.3,858.1,0.08455,0.1023,0.09251,0.05302,0.159,0.05648
877989,17.54,19.32,115.1,951.6,0.08968,0.1198,0.1036,0.07488,0.1506,0.05491
911391,10.88,15.62,70.41,358.9,0.1007,0.1069,0.05115,0.01571,0.1861,0.06837
91505,12.54,16.32,81.25,476.3,0.1158,0.1085,0.05928,0.03279,0.1943,0.06612